SSYRRPVGI,CASSGGDSAETLYF,1
GILGFVFTL,CASSIHSGANNEQFF,1
NLVPMVATV,CASTLLGGAGYNEQFF,1
LLAMTVPNV,CASSYGVNTEAFF,0
HPKVSSEVHI,CSATDRDGGPEQYF,1
LPRRSGAAGA,CASSWGTELLMNTEAFF,1
LPRRSGAAGA,CASSPSGTGFYEQYF,0
TPRVTGGGAM,CASSSRQGNLIDEQFF,1
IGYVYQGL,CASSFGVNSDYTF,1
EIYKRWII,CASSLGPHDSTNYGYTF,0
RAKFKQLL,CASSPSPGDNEQF,1
TTPESANL,CASSLYGSPDQPQHF,0
GILGFVFTL,CASSLGSRPGYF,0
CTPYDINQM,CASSLAGPGGEQFF,0
EAAGIGILTV,CARDTIGNGYTF,0
ALSPVIPHI,CASSFGMHGYTF,0
CRVLCCYVL,CASSLGGGNQETQYF,0
LPRRSGAAGA,CASSLSGGNQETQYF,0
LPRRSGAAGA,CASSYRGDRPEAFF,0
LPRRSGAAGA,CASSPTGQGAHGYTF,0
VAANIVLTV,CASKEELSNTGELF,0
KLSHQLVLL,CATSRVAGEELFF,0
VLENFTIFLV,CASSIAQGGNQPQHF,1
VTEHDTLLY,CASSPTGTGGSDTQYF,0
LPRRSGAAGA,CAISELGYEQYF,0
SSLENFRAYV,CASSSPTEQYF,1
MLNIPSINV,CASSLAVAGEQFF,0
IIKDYGKQM,CSVVGGPYEQYF,0
GILGFVFTL,CASSLARRVNPRTDTQYF,0
TPRVTGGGAM,CASSLVGVGLLLNEQYF,1
YSEHPTFTSQY,CAISEPGTSTDTQYF,1
TPGPGVRYPL,CASSLEWVGDNSPLHF,0
SSYRRPVGI,CATRQGSAETLYF,1
CRVLCCYVL,CASSLWDSYTF,1
ATDALMTGY,CAWSETGLGTGELFF,0
CRVLCCYVL,CASSPLARVDEQFF,0
VTEHDTLLY,CASSWSGGGARVPQYF,1
GILGFVFTL,CASSLGSMQETQYF,1
FLFMYLVTV,CASSQESGGGTEAFF,1
GLCTLVAML,CASIWAGLGQPQHF,0
IPSINVHHY,CASSYAYDGSYEQYF,0
LPRRSGAAGA,CASSFPSGRAGEQFF,1
NLVPMVATV,CASSLEGFTEAFF,1
LPRRSGAAGA,CSGRINTEAFF,0
GLCTLVAML,CASSIVGGGAETLYF,0
GILGFVFTL,CASIPDREKTQYF,0
KAFSPEVIPMF,CASSGGEGSSPLHF,0
TPRVTGGGAM,CASSPQTQYQETQYF,0
GILGFVFTL,CASSYSSSYNEQFF,1
GILGFVFTL,CASSPGTGYEQYF,0
AVFDRKSDAK,CASSLTSATGELFF,1
GPGHKARVL,CASSPSGYNNEQFF,1
GLCTLVAML,CSARGDPNYEQYF,0
GILGFVFTL,CATSSPGLASDEQF,0
CRVLCCYVL,CASSGLGLAFSYEQYF,1
RAKFKQLL,CASSLPAGDIQYF,0
GLCTLVAML,CASSSTGYEQYF,1
GLCTLVAML,CASSLVEQGIEQYF,0
SSLENFRAYV,CASSIGQGGYEQYF,0
LPRRSGAAGA,CSVEDRVGGTAGYEQYF,1
RAKFKQLL,CASSLPRGRDNEQF,1
GLCTLVAML,CASSLGQGEAFF,1
NLVPMVATV,CSVEEWASRYNEQF,1
LPRRSGAAGA,CASSKRTGDHNSPLHF,1
GILGFVFTL,CASSPNRGPSDTQYF,1
LPRRSGAAGA,CASSLVSGRGNEQF,0
LSLRNPILV,CASSPGTTYEQYF,1
LPPIVAKEI,CASSYRGGAGELFF,0
LPRRSGAAGA,CASSYTNNSPLHF,1
LPPIVAKEI,CASSLVGPPGEAFF,1
FQAQHIAMA,CASSLRSSYEQYF,1
EIYKRWII,CASSSQQGGGYTF,0
GILGFVFTL,CASSLLASGFGTDTQYF,1
ELAGIGILTV,CASSFEPGQGFYSNQPQHF,0
GILGFVFTL,CSVGPGENGPQHF,0
FRCPRRFCF,CASSTIGQGYGYTF,1
ALTPVVVTL,CASSEGRETQYF,1
KRWIILGLNK,CASSRDTVYNQPQHF,1
EAAGIGILTV,CASSAGSYGYTF,0
GLCTLVAML,CASSPGPYTLNTGELFF,1
GLCTLVAML,CSAWDREVVGTEAFF,1
ASNENMETM,CGARDHRGSQYF,1
LPRRSGAAGA,CASSLLEIHEQYF,1
LPRRSGAAGA,CASSTYSQDTQYF,0
GILGFVFTL,CASSLLDSLKNIQYF,0
RPHERNGFTVL,CASSLLEGETYEQYF,1
GLCTLVAML,CSAEISGTQLYNEQFF,1
ELAGIGILTV,CASSQAPLASGGYTF,1
GLCTLVAML,CSVGTGGTNEKLFF,1
VLNYFKPYL,CASSQSGTSTDTQYF,0
ELAGIGILTV,CASSPPMGRAEGYTF,0
GLCTLVAML,CASSPAPGSTTYEQYF,1
VTEHDTLLY,CASSLAGNSAEQYF,1
GTSGSPIIDK,CASSQQTGTGGRMNTEAFF,0
GLCTLVAML,CASSLTGLAGTGELFF,0
ASNENMETM,CASSYQTGTIYGYTF,0
LPRRSGAAGA,CASSPKDRDPLGYGYTF,1
GLCTLVAML,CASSLDHLAGVNNEQF,0
NLVPMVATV,CASSSGWGVGAFF,1
VTEHDTLLY,CASRETYEQYF,0
